{"reading 1": 0.4929916980740312, "reading 2": 0.5819265932956196, "reading 3": 0.29650127109348984, "reading 4": 0.36687113300033153, "reading 5": 0.5310946651640663, "dt": "202105041310"}